Embedding,BRAS,iLISI,KBET,Graph connectivity,PCR comparison,Batch correction
unintegrated,0.2439307224130971,0.0,0.08644892717590308,0.07429185892985934,0.0,0.0809343017037719
harmony,1.0,1.0,1.0,0.0,1.0,0.8
scvi,0.6511112825703123,0.531423315777932,0.0,0.7299445102336195,0.11507449436248549,0.40551072058886983
drvi,0.0,0.7970742688266288,0.20956650220436773,1.0,0.0,0.4013281542061993
Metric Type,Batch correction,Batch correction,Batch correction,Batch correction,Batch correction,Aggregate score
