Embedding,BRAS,iLISI,KBET,Graph connectivity,PCR comparison,Batch correction
unintegrated,0.9640361,0.45223683,0.16549769512839954,0.8656808690495716,0.0,0.48949028856496435
harmony,0.98389465,0.5383965,0.494732459405241,0.8562904814939284,0.890250958762214,0.7527130166266126
scvi,0.9747309,0.49802408,0.13434235744951248,0.9485544515162603,0.1024451789352797,0.5316193886385601
drvi,0.95762914,0.52091247,0.20986805054544996,0.9826890895097661,0,0.5342197505360676
Metric Type,Batch correction,Batch correction,Batch correction,Batch correction,Batch correction,Aggregate score
